key	cand	id	status	channel	title
goblet_squat	#0	MeIiIdhvXT4	ok	ScottHermanFitness	How To: Goblet Squat
goblet_squat	#1	MakFmqDAGpo	ok	Michael Vazquez	Goblet Squat #shorts
bw_squat	#0	Qgpxx1Bxmgs	ok	KevTheTrainer	BODYWEIGHT SQUAT TUTORIAL 🦵🏼 / Learn this foundational exercise that builds your quads and glutes!
bw_squat	#1	P-yaD24bUE8	ok	Runna	Bodyweight Squat Tutorial - Proper Form and Technique
leg_press	#0	nDh_BlnLCGc	ok	Jeff Nippard	How To Leg Press With Perfect Technique
leg_press	#1	tg-jOYwhI5w	ok	BodyAmbitionFitness	How to do a Leg Press Correctly
db_bench	#0	xhEhjF5ozuY	ok	Runna	Dumbbell Bench Press Tutorial - Proper Form and Technique
db_bench	#1	8RGZJKLcATU	ok	HurricaneGH	Dumbbell Bench Press Tutorial: Proper form and Technique! #benchpress #chest
pushup	#0	WDIpL0pjun0	ok	National Academy of Sports Medicine (NASM)	How to do a Push-Up | Proper Form & Technique | NASM
pushup	#1	xEaUcMeZHt4	ok	Detachment 157 AFROTC	A Proper Push-Up
machine_chest	#0	xUm0BiZCWlQ	ok	ScottHermanFitness	How To: Chest Press (Cybex)
machine_chest	#1	ksTNcvc6sKs	ok	Rehab My Patient	Seated Chest Press | Machine | Strength and Conditioning Exercises
db_rdl	#0	wiekN4aIJ0g	ok	KevTheTrainer	DUMBBELL ROMANIAN DEADLIFT (RDL) TUTORIAL🦵🏼 / Build hamstrings & glutes with a pair of dumbbells!
db_rdl	#1	FQKfr1YDhEk	ok	ScottHermanFitness	How To: Dumbbell Romanian Deadlift
sl_bridge	#0	_K_di6h2-Wg	ok	Well+Good	How to do a Single-Leg Glute Bridge | The Right Way | Well+Good
sl_bridge	#1	VUl8R0kn6v4	ok	Runna	Single Leg Glute Bridge Tutorial - Proper Form and Technique
leg_curl	#0	d6sg829PgNs	ok	KevTheTrainer	LYING LEG CURL MACHINE TUTORIAL 🦵🏼// Lie down and work the hamstrings. #legworkout #planetfitness
leg_curl	#1	SbSNUXPRkc8	ok	PureGym	How To Do A Lying Leg Curl (Prone Leg Curl)
db_row1	#0	KRN38chlkds	ok	ScottHermanFitness	How To: Dumbbell Single-Arm Row (On Bench)
db_row1	#1	fURsHPHgssI	ok	The Healthy Habit	Single-Arm Dumbbell Row on a Bench: Perfect Form Tutorial
inv_row	#0	-N_dnZMMmQY	ok	The Functional Body Lab	Inverted row at home — no gym, no equipment, just a table.
inv_row	#1	6NTruShwwKk	ok	Abel Hailemikiel	Stronger Back at Home! How to Do Inverted Rows with a Table
cable_row	#0	7o2oolbmzeI	ok	ScottHermanFitness	How To: Seated Cable Low-Row || PERFECT FORM
cable_row	#1	EU7bOadUsNI	ok	Steev	Seated Cable Row - Proper Form & Technique [4K]
reverse_lunge	#0	sjlsISvHyZs	ok	ScottHermanFitness	How To: Dumbbell Reverse Lunge
reverse_lunge	#1	ePMmlCVN8cs	ok	Jon Hodgkinson Golf Fitness	How to Do a Dumbbell Reverse Lunge
db_ohp	#0	qLZU6Fl2sI4	ok	KevTheTrainer	STANDING DUMBBELL SHOULDER PRESS TUTORIAL 💪🏼 // Build your shoulders using a pair of dumbbells!
db_ohp	#1	fYeUxGIjZyc	ok	Runna	Standing Double Arm Shoulder Press Tutorial - Proper Form and Technique
pike_pushup	#0	shEnAXgc9y4	ok	Calixpert	How To Do Pike Push-Ups | Correct Form
pike_pushup	#1	XckEEwa1BPI	ok	National Academy of Sports Medicine (NASM)	How to do a Pike Push-Up
machine_ohp	#0	PM1hB_2xNBU	ok	KevTheTrainer	SHOULDER PRESS MACHINE TUTORIAL 💪🏼 // Use this machine to strengthen your delts! #planetfitness
machine_ohp	#1	Anu8s_nkNpM	ok	Live Lean TV Daily Exercises	How To: Seated Machine Shoulder Press
hip_thrust	#0	j59jWsUbl8A	ok	Travis Tarrant	Exercise Tutorial: Bodyweight Hip Thrust On Bench
hip_thrust	#1	pF17m_CXfL0	ok	Runna	Hip Thrust Tutorial - Proper Form and Technique
db_row2	#0	6TSP1TRMUzs	ok	ScottHermanFitness	How To:  Dumbbell Bent-Over Row
db_row2	#1	KIdzT7ZJT0o	ok	OriGym	How To Do Bent Over Two Dumbbell Row Palms In | Exercise Demo
lat_pulldown	#0	3q1Zsi3vkjo	ok	KevTheTrainer	LAT PULLDOWN MACHINE TUTORIAL 💪🏼 // Build your lats (sides of your back). #planetfitness
lat_pulldown	#1	grz-WsiBbrw	ok	Planet Fitness	How to do a Lat Pulldown | Planet Fitness
bulgarian	#0	JXhNbz4QCMU	ok	Strong With Stef	DUMBBELL BULGARIAN SPLIT SQUAT
bulgarian	#1	Amrf4J27AtA	ok	Judd Lienhard	How to do Dumbbell Bulgarian Split Squats the Right Way | Judd Lienhard
floor_press	#0	uUGDRwge4F8	ok	ScottHermanFitness	How To: Dumbbell Floor Press
floor_press	#1	vagdk94bFn4	ok	Runna	Floor Dumbbell Bench Press Tutorial - Proper Form and Technique
close_pushup	#0	0LZF3OY87uU	ok	FIT.nl	Close Grip Push-Up | Proper Form Tutorial for Triceps Strength
close_pushup	#1	xTq_gg8F9Gs	ok	Modern Athlete Strength Systems	Close Grip Push Up - EXERCISE DEMO
incline_db	#0	sK4Rvug6ufo	ok	Runna	Incline Dumbbell Bench Press Tutorial - Proper Form and Technique
incline_db	#1	8iPEnn-ltC8	ok	ScottHermanFitness	How To: Dumbbell Incline Chest Press
step_up	#0	5ksu8nrdVIE	ok	KevTheTrainer	DUMBBELL STEP UP TUTORIAL 🦵🏼 // Strengthen your legs with a pair of dumbbells and a bench!
step_up	#1	9ZknEYboBOQ	ok	Bobby Maximus	Dumbbell Step-up - How To
rear_fly	#0	JeSlI2s4XfM	ok	V Shred	Bent Over Dumbbell Reverse Fly (Rear Delt Workout!)
rear_fly	#1	rQhdsa5QdVU	ok	Brian Schmitt Fitness	How to Perform the Standing Rear Delt Raise / Reverse Dumbbell Fly
prone_yt	#0	R6hm0NI_e58	ok	Sequence App	YTW Raise
prone_yt	#1	DQFTp5n0uh0	ok	Your House Fitness	How to Do a Prone Y Raise
face_pull	#0	7kXfVIwmfwE	ok	Miranda Cohen	How to Do a Proper Cable Face-Pull💪🏻
face_pull	#1	6chrLjsE47c	ok	Freeman Fitness	How To Face Pull
db_thruster	#0	0RJXwEZmcCg	ok	Lift With Michelle - Exercise Form Tutorials	Dumbbell Thruster (Squat and Press) | Exercise Tutorial
db_thruster	#1	UipBcISeiGU	ok	DO MORE CrossFit	How To Properly Do A Dumbbell Thruster - Movement Standards
mountain_climber	#0	cnyTQDSE884	ok	Well+Good	How to Do Mountain Climbers | The Right Way | Well+Good
mountain_climber	#1	hq_0YlyfqGM	ok	Group HIIT	Mountain Climber - Exercise Demo
db_swing	#0	tlNtlo4bC2E	ok	Live Lean TV Daily Exercises	How To: Single Arm Dumbbell Swing
db_swing	#1	PcWKiJ_f_Po	ok	Buff Dudes Workouts	How To: Dumbbell / Kettlebell Swing Exercise Tutorial
dead_bug	#0	bxn9FBrt4-A	ok	National Academy of Sports Medicine (NASM)	How to do a Dead Bug | Proper Form & Technique | NASM
dead_bug	#1	3eqodmkpkfA	ok	Nat Wilson Fitness	Proper Dead Bug Form | Core Exercise Demo
jumping_jack	#0	uLVt6u15L98	ok	National Academy of Sports Medicine (NASM)	How to do a Jumping Jack  | Proper Form & Technique | NASM
jumping_jack	#1	Q4QnlZs9PqI	ok	Get Healthy U - with Chris Freytag	How To Do A Jumping Jack
no_jump_burpee	#0	I4dqZX8gJ6M	ok	Live Lean TV Daily Exercises	How To Do A NO JUMP BEGINNER BURPEE | Exercise Demonstration Video and Guide
no_jump_burpee	#1	we5OJ7-zb48	ok	Forged FATHER	No Jump Burpee
plank_tap	#0	gKA5LBy7WAI	ok	Wellen	How To Properly Do a Plank with Shoulder Taps - Strength Exercises - Wellen
plank_tap	#1	Ub3x9gt0UlQ	ok	Strength Society App	Plank Shoulder Taps
high_knee_march	#0	Ih-JqDrOXBQ	ok	OriGym	How To Do High Knee March | Exercise Demo
high_knee_march	#1	K3Pm4fmJC9U	ok	Travis Goyeneche	High knee march
arm_circles	#0	P3dzI9opLGE	ok	Made Possible Personal Training	Arm Circles Dynamic Warmup
arm_circles	#1	tYo5ghpLksg	ok	AJ Channels Fitness	Dynamic Warm-Up Exercise: Big Arm Circles (30 Secs)
cat_cow	#0	y_cKHKi9UaM	ok	Well+Good	How to do a Cat-Cow | The Right Way | Well+Good
cat_cow	#1	MSBOBAIeLqI	ok	Imperial College Healthcare NHS Trust	Cat cow exercise
glute_bridge	#0	wPM8icPu6H8	ok	Well+Good	How To Do A Glute Bridge | The Right Way | Well+Good
glute_bridge	#1	R1OXPHRqehw	ok	Cleveland Clinic	How to do a glute bridge.
lunge_reach	#0	fdmH9b1P9cs	ok	Testosterone Nation	Alternating Forward Lunge with Reach
lunge_reach	#1	Tn0gtIHrF84	ok	FitFx Training	Forward Lunge With Reach Tutorial | Strengthen your legs, core and hips
scap_pushup	#0	LeMk15TN0No	ok	Children's Hospital Colorado	Exercise With an Athletic Trainer: Scapular Pushups
scap_pushup	#1	uTOKRtzvRtE	ok	Unity Gym	Calisthenics For Beginners - Scapular Push Up
worlds_greatest	#0	-CiWQ2IvY34	ok	Squat University	The World's Greatest Stretch (Mobility Exercise) by Squat University
worlds_greatest	#1	ftLV1SkpWAA	ok	Squat University	The World’s GREATEST Stretch!
quad_stretch	#0	Jb6JEEUGbDY	ok	Live Lean TV Daily Exercises	How To Do A STANDING QUAD STRETCH | Exercise Demonstration Video and Guide
quad_stretch	#1	ZKMYmIqnzrU	ok	Feel Good Life with Coach Todd	Stretch of the Day - Standing Quad Stretch
figure4	#0	2VE_NLcNMvQ	ok	AskDoctorJo	Glute Figure 4 Stretch - Ask Doctor Jo
figure4	#1	-g0nuyTHMrI	ok	AskDoctorJo	Piriformis Figure 4 Stretch - Ask Doctor Jo
doorway_chest	#0	M850sCj9LHQ	ok	Medbridge	How to Do a Doorway Pec Stretch Exercise | 90 Degrees Abduction | MedBridge
doorway_chest	#1	YAtrTy1C2Fs	ok	Melissa Cormier	Doorway Chest Stretch
childs_pose	#0	_ZX_zTOBgp8	ok	National Academy of Sports Medicine (NASM)	How to do a Child's Pose Stretch | Proper Form & Technique | NASM
childs_pose	#1	6USdGiJ1BaA	ok	Doctor O'Donovan	Correct Technique for Childs Pose Stretch | Plus Easier and Harder Variations
sw_walk	#0	KyzlBfRKtPM	ok	Rocket Swimming	The correct way to walk in shallow pool water #swimming #shorts #howtoswim
sw_walk	#1	gh4Mko4R7NM	ok	UnityPoint Health	Water Walking Exercise
sw_bubbles	#0	MC6m-wyCqxM	ok	AquaMobile - Home Swim Lessons	Learning to Swim as an Adult: How to Blow Bubbles Underwater
sw_bubbles	#1	VDAywZ93bOo	gone		
sw_eyes	#0	Mynt-rRPVNY	ok	Elizabeth Swims	How to Open your Eyes Underwater
sw_eyes	#1	g80W4CqVGF8	ok	AquaMobile - Home Swim Lessons	Swimming Lesson: How to Keep Your Eyes Open Underwater
sw_wall_float	#0	CsOg3pJ4_Q8	ok	Fares Ksebati	The First Step to Swimming? Learn to Float.
sw_wall_float	#1	Pf8mGGRPiyM	ok	Splash Foundation	LEARN TO SWIM | Ep.2 Front Floating and Gliding | How to float for beginners
sw_jellyfish	#0	NGcSQq8dc9k	ok	Howcast	Deadman Float aka Jellyfish Float | Swimming Lessons
sw_jellyfish	#1	432i9s_hlmY	ok	SwimWest Swim School	Jellyfish tuck float
sw_standup	#0	ESt5630JQZg	ok	Calm Within Adult Swim	Standing Up From A Front Float | What No One Tells You
sw_standup	#1	l3_jzfFv4G4	ok	Drew Porter	How to Do A Front Float Into Standing (Front Float Into Vertical Recovery)
sw_star_float	#0	zNUGyfHfwas	ok	Swim to Live	Star floating in prone position
sw_star_float	#1	npW4foU9SEU	ok	In Derby	Star Float
sw_back_float	#0	hHx2sdhmbOU	ok	Rocket Swimming	How to Float in Water for Beginners | Swim on Your Back in 4 Steps
sw_back_float	#1	jpDbg9hxsO8	ok	Rocket Swimming	This Is How You Should Start a Back Float  #swimming #floating #shorts
sw_push_glide	#0	_p-2v7ZG2_I	ok	Daniel Rodgers - Specialist Swimming	Push and Glide - Learn to Swim Exercise
sw_push_glide	#1	DqIlXWyMF94	ok	AaquaticsUK	Pushing and gliding for beginners - A great way to learn the basics of floating and body position
sw_kickboard	#0	S6MYM8vkmS8	ok	Rocket Swimming	How to Kick in Swimming for Beginners | Kickboard Swimming Drills
sw_kickboard	#1	B9AmrMktofI	ok	Rocket Swimming	How to Swim using a Kickboard for Beginners | 2 Easy Drills
sw_kick_breath	#0	ow2RoL2eEsI	embed-off		
sw_kick_breath	#1	Ou3e12HG04Y	ok	SwimGym	Leren zwemmen: trappen en ademhalen
sw_glide_kick	#0	wwgCntLvpJk	ok	Analysis Swim	Streamline drilling front and back flutter kick
sw_glide_kick	#1	bo-1Zc7ZItQ	ok	Caribe Swim	How to Flutter Kick | A Step by Step Tutorial For New Swimmers
